<?xml version="1.0"?>
<preset>

<description/>

<settings>
<intro/>
<comments>0</comments>
<requiredentries>0</requiredentries>
<requiredentriestoview>0</requiredentriestoview>
<maxentries>0</maxentries>
<rssarticles>0</rssarticles>
<approval>0</approval>
<manageapproved>1</manageapproved>
<defaultsortdir>0</defaultsortdir>
<defaultsort>0</defaultsort>
</settings>

<field>
<type>number</type>
<name>crit_1_1</name>
<description></description>
<required>1</required>
</field>

<field>
<type>number</type>
<name>crit_1_2</name>
<description></description>
<required>1</required>
</field>

<field>
<type>number</type>
<name>crit_1_3</name>
<description></description>
<required>1</required>
</field>

<field>
<type>number</type>
<name>crit_1_4</name>
<description></description>
<required>1</required>
</field>

<field>
<type>number</type>
<name>crit_2_1</name>
<description></description>
<required>1</required>
</field>

<field>
<type>number</type>
<name>crit_2_2</name>
<description></description>
<required>1</required>
</field>

<field>
<type>number</type>
<name>crit_2_3</name>
<description></description>
<required>1</required>
</field>

<field>
<type>number</type>
<name>crit_3_1</name>
<description></description>
<required>1</required>
</field>

<field>
<type>number</type>
<name>crit_3_2</name>
<description></description>
<required>1</required>
</field>

<field>
<type>number</type>
<name>crit_3_3</name>
<description></description>
<required>1</required>
</field>

<field>
<type>number</type>
<name>crit_3_4</name>
<description></description>
<required>1</required>
</field>

<field>
<type>number</type>
<name>crit_4_1</name>
<description></description>
<required>1</required>
</field>

<field>
<type>number</type>
<name>crit_4_2</name>
<description></description>
<required>1</required>
</field>

<field>
<type>number</type>
<name>crit_4_3</name>
<description></description>
<required>1</required>
</field>

<field>
<type>number</type>
<name>crit_4_4</name>
<description></description>
<required>1</required>
</field>

<field>
<type>number</type>
<name>crit_5_1</name>
<description></description>
<required>1</required>
</field>

<field>
<type>number</type>
<name>crit_5_2</name>
<description></description>
<required>1</required>
</field>

<field>
<type>number</type>
<name>crit_5_3</name>
<description></description>
<required>1</required>
</field>

<field>
<type>number</type>
<name>crit_5_4</name>
<description></description>
<required>1</required>
</field>

</preset>
