<?xml version="1.0"?>
<preset>

<description/>

<settings>
<intro/>
<comments>0</comments>
<requiredentries>0</requiredentries>
<requiredentriestoview>0</requiredentriestoview>
<maxentries>0</maxentries>
<rssarticles>0</rssarticles>
<approval>0</approval>
<manageapproved>1</manageapproved>
<defaultsortdir>0</defaultsortdir>
<defaultsort>0</defaultsort>
</settings>

<field>
<type>number</type>
<name>opt_a</name>
<description>&#xC4;lplermagronen</description>
<required>0</required>
</field>

<field>
<type>number</type>
<name>opt_b</name>
<description>Ch&#xFC;gelipastetli</description>
<required>0</required>
</field>

<field>
<type>number</type>
<name>opt_c</name>
<description>Cordon bleu</description>
<required>0</required>
</field>

<field>
<type>number</type>
<name>opt_d</name>
<description>Fondue</description>
<required>0</required>
</field>

<field>
<type>number</type>
<name>opt_e</name>
<description>Polenta</description>
<required>0</required>
</field>

<field>
<type>number</type>
<name>opt_f</name>
<description>Raclette</description>
<required>0</required>
</field>

<field>
<type>number</type>
<name>opt_g</name>
<description>R&#xF6;sti</description>
<required>0</required>
</field>

<field>
<type>number</type>
<name>opt_h</name>
<description>Saucisson</description>
<required>0</required>
</field>

<field>
<type>number</type>
<name>opt_i</name>
<description>Z&#xFC;rcher Geschnetzeltes</description>
<required>0</required>
</field>

</preset>
