<?xml version="1.0"?>
<preset>

<description/>

<settings>
<intro>&lt;p&gt;This choice is supposed to find out the interests of users, which games they like to play most.&lt;/p&gt;
</intro>
<comments>0</comments>
<requiredentries>0</requiredentries>
<requiredentriestoview>1</requiredentriestoview>
<maxentries>1</maxentries>
<rssarticles>0</rssarticles>
<approval>0</approval>
<manageapproved>1</manageapproved>
<defaultsortdir>0</defaultsortdir>
<defaultsort>0</defaultsort>
</settings>

<field>
<type>number</type>
<name>choice_first</name>
<description>1st Choice (3 Points)</description>
<required>1</required>
</field>

<field>
<type>number</type>
<name>choice_second</name>
<description>2nd Choice (2 Points)</description>
<required>1</required>
</field>

<field>
<type>number</type>
<name>choice_third</name>
<description>3rd Choice (1 Point)</description>
<required>1</required>
</field>

</preset>
