<?xml version="1.0"?>
<preset>

<description/>

<settings>
<intro/>
<comments>0</comments>
<requiredentries>0</requiredentries>
<requiredentriestoview>0</requiredentriestoview>
<maxentries>0</maxentries>
<rssarticles>0</rssarticles>
<approval>0</approval>
<manageapproved>1</manageapproved>
<defaultsortdir>0</defaultsortdir>
<defaultsort>0</defaultsort>
</settings>

<field>
<type>number</type>
<name>crit_1_1</name>
<description>Ability to search effectively for information using digital tools</description>
<required>1</required>
</field>

<field>
<type>number</type>
<name>crit_1_2</name>
<description>Ability to evaluate the credibility and reliability of sources</description>
<required>1</required>
</field>

<field>
<type>number</type>
<name>crit_1_3</name>
<description>Ability to organize, store, and manage data or information</description>
<required>1</required>
</field>

<field>
<type>number</type>
<name>crit_1_4</name>
<description>Ability to interpret charts, reports, or basic datasets</description>
<required>1</required>
</field>

<field>
<type>number</type>
<name>crit_2_1</name>
<description>Ability to use digital communication tools</description>
<required>1</required>
</field>

<field>
<type>number</type>
<name>crit_2_2</name>
<description>Ability to collaborate using shared documents or platforms</description>
<required>1</required>
</field>

<field>
<type>number</type>
<name>crit_2_3</name>
<description>Awareness of accessibility needs in communication</description>
<required>1</required>
</field>

<field>
<type>number</type>
<name>crit_3_1</name>
<description>Ability to create documents, presentations, or spreadsheets</description>
<required>1</required>
</field>

<field>
<type>number</type>
<name>crit_3_2</name>
<description>Ability to create or edit basic multimedia content</description>
<required>1</required>
</field>

<field>
<type>number</type>
<name>crit_3_3</name>
<description>Ability to structure information clearly</description>
<required>1</required>
</field>

<field>
<type>number</type>
<name>crit_3_4</name>
<description>Ability to create basic technical content, code, or automation</description>
<required>1</required>
</field>

<field>
<type>number</type>
<name>crit_4_1</name>
<description>Ability to troubleshoot common technical problems</description>
<required>1</required>
</field>

<field>
<type>number</type>
<name>crit_4_2</name>
<description>Ability to choose the right tool for a task</description>
<required>1</required>
</field>

<field>
<type>number</type>
<name>crit_4_3</name>
<description>Ability to improve workflows or automate tasks</description>
<required>1</required>
</field>

<field>
<type>number</type>
<name>crit_4_4</name>
<description>Ability to quickly learn and adapt to new digital tools</description>
<required>1</required>
</field>

<field>
<type>number</type>
<name>crit_5_1</name>
<description>Ability to use productivity tools (task management, calendar apps)</description>
<required>1</required>
</field>

<field>
<type>number</type>
<name>crit_5_2</name>
<description>Ability to use business or industry-specific digital systems</description>
<required>1</required>
</field>

<field>
<type>number</type>
<name>crit_5_3</name>
<description>Ability to collaborate in team-oriented digital environments</description>
<required>1</required>
</field>

<field>
<type>number</type>
<name>crit_5_4</name>
<description>Ability to use data or reports to support decision-making</description>
<required>1</required>
</field>

</preset>
