<?xml version="1.0"?>
<preset>

<description/>

<settings>
<intro/>
<comments>0</comments>
<requiredentries>0</requiredentries>
<requiredentriestoview>0</requiredentriestoview>
<maxentries>0</maxentries>
<rssarticles>0</rssarticles>
<approval>0</approval>
<manageapproved>1</manageapproved>
<defaultsortdir>0</defaultsortdir>
<defaultsort>0</defaultsort>
</settings>

<field>
<type>text</type>
<name>country</name>
<description>Country</description>
<required>0</required>
</field>

<field>
<type>text</type>
<name>iso</name>
<description>ISO Code</description>
<required>0</required>
</field>

<field>
<type>number</type>
<name>population</name>
<description>Population</description>
<required>0</required>
</field>

<field>
<type>number</type>
<name>area</name>
<description>Area (km2)</description>
<required>0</required>
</field>

<field>
<type>text</type>
<name>capital</name>
<description>Capital</description>
<required>0</required>
</field>

<field>
<type>text</type>
<name>accession</name>
<description>Accession</description>
<required>0</required>
</field>

<field>
<type>text</type>
<name>currency</name>
<description>Currency</description>
<required>0</required>
</field>

</preset>
