<?xml version="1.0"?>
<preset>

<description/>

<settings>
<intro/>
<comments>0</comments>
<requiredentries>0</requiredentries>
<requiredentriestoview>0</requiredentriestoview>
<maxentries>0</maxentries>
<rssarticles>0</rssarticles>
<approval>0</approval>
<manageapproved>1</manageapproved>
<defaultsortdir>0</defaultsortdir>
<defaultsort>0</defaultsort>
</settings>

<field>
<type>text</type>
<name>Name</name>
<description>Ortsname</description>
<required>0</required>
</field>

<field>
<type>number</type>
<name>lat</name>
<description>Breitengrad</description>
<required>1</required>
</field>

<field>
<type>number</type>
<name>lon</name>
<description>L&#xE4;ngengrad</description>
<required>1</required>
</field>

</preset>
