<?xml version="1.0"?>
<preset>

<description/>

<settings>
<intro/>
<comments>0</comments>
<requiredentries>0</requiredentries>
<requiredentriestoview>0</requiredentriestoview>
<maxentries>1</maxentries>
<rssarticles>0</rssarticles>
<approval>0</approval>
<manageapproved>1</manageapproved>
<defaultsortdir>0</defaultsortdir>
<defaultsort>0</defaultsort>
</settings>

<field>
<type>number</type>
<name>choice_first</name>
<description>1st Choice</description>
<required>1</required>
</field>

<field>
<type>number</type>
<name>choice_second</name>
<description>2nd Choice</description>
<required>1</required>
</field>

<field>
<type>number</type>
<name>choice_third</name>
<description>3rd Choice</description>
<required>1</required>
</field>

<field>
<type>text</type>
<name>group</name>
<description>Group Name</description>
<required>1</required>
</field>

</preset>
