<?xml version="1.0"?>
<preset>

<description/>

<settings>
<intro/>
<comments>0</comments>
<requiredentries>0</requiredentries>
<requiredentriestoview>0</requiredentriestoview>
<maxentries>0</maxentries>
<rssarticles>0</rssarticles>
<approval>0</approval>
<manageapproved>1</manageapproved>
<defaultsortdir>0</defaultsortdir>
<defaultsort>0</defaultsort>
</settings>

<field>
<type>menu</type>
<name>card_type</name>
<description>Type</description>
<required>1</required>
<param1>primary
secondary
success
info
dark
warning
danger</param1>
</field>

<field>
<type>text</type>
<name>card_title</name>
<description>Title</description>
<required>1</required>
</field>

<field>
<type>textarea</type>
<name>card_content</name>
<description>Content</description>
<required>0</required>
<param2>60</param2>
<param3>35</param3>
<param4>1</param4>
<param5>0</param5>
</field>

</preset>
