<?xml version="1.0"?>
<preset>

<description/>

<settings>
<intro/>
<comments>0</comments>
<requiredentries>0</requiredentries>
<requiredentriestoview>0</requiredentriestoview>
<maxentries>0</maxentries>
<rssarticles>0</rssarticles>
<approval>0</approval>
<manageapproved>1</manageapproved>
<defaultsortdir>0</defaultsortdir>
<defaultsort>sortorder</defaultsort>
</settings>

<field>
<type>text</type>
<name>lastname</name>
<description>Nachname</description>
<required>1</required>
</field>

<field>
<type>text</type>
<name>firstname</name>
<description>Vorname</description>
<required>1</required>
</field>

<field>
<type>text</type>
<name>email</name>
<description>E-Mail</description>
<required>0</required>
</field>

<field>
<type>textarea</type>
<name>position</name>
<description>Funktion</description>
<required>0</required>
<param2>40</param2>
<param3>8</param3>
<param4>1</param4>
<param5>0</param5>
</field>

<field>
<type>picture</type>
<name>photo</name>
<description>Foto</description>
<required>0</required>
<param3>2097152</param3>
</field>

<field>
<type>number</type>
<name>sortorder</name>
<description>Sortierung</description>
<required>0</required>
</field>

</preset>
