<?xml version="1.0"?>
<preset>

<description/>

<settings>
<intro/>
<comments>1</comments>
<requiredentries>0</requiredentries>
<requiredentriestoview>0</requiredentriestoview>
<maxentries>0</maxentries>
<rssarticles>0</rssarticles>
<approval>0</approval>
<manageapproved>1</manageapproved>
<defaultsortdir>0</defaultsortdir>
<defaultsort>0</defaultsort>
</settings>

<field>
<type>text</type>
<name>caption</name>
<description>Beschreibung</description>
<required>0</required>
</field>

<field>
<type>picture</type>
<name>image</name>
<description>Bild</description>
<required>1</required>
<param3>5242880</param3>
</field>

</preset>
