<?xml version="1.0"?>
<preset>

<description/>

<settings>
<intro/>
<comments>0</comments>
<requiredentries>0</requiredentries>
<requiredentriestoview>0</requiredentriestoview>
<maxentries>0</maxentries>
<rssarticles>0</rssarticles>
<approval>0</approval>
<manageapproved>1</manageapproved>
<defaultsortdir>0</defaultsortdir>
<defaultsort>0</defaultsort>
</settings>

<field>
<type>menu</type>
<name>category</name>
<description>Category</description>
<required>1</required>
<param1>Geography
History
Society
Arts and Science
Religion
other</param1>
</field>

<field>
<type>textarea</type>
<name>description</name>
<description>Description</description>
<required>0</required>
<param2>60</param2>
<param3>10</param3>
<param4>1</param4>
<param5>0</param5>
</field>

<field>
<type>url</type>
<name>link</name>
<description>Link / Resource</description>
<required>0</required>
<param1>on</param1>
<param3>on</param3>
</field>

<field>
<type>file</type>
<name>file</name>
<description>File</description>
<required>0</required>
<param3>20971520</param3>
</field>

</preset>
